<?xml version="1.0" encoding="utf-8"?>
<location>
  <background>forest.jpg</background>
  <console>
    {console}
  </console>
  <!-- no action -->
  <event place="{EVENTA}">
    <text>{none}</text>
    <onclick>NONE</onclick>
  </event>
  <!-- no action -->
  <event place="{EVENTB}">
    <text>{none}</text>
    <onclick>NONE</onclick>
  </event>
  <!-- no action -->
  <event place="{EVENTC}">
    <text>{none}</text>
    <onclick>NONE</onclick>
  </event>
  <!-- no action -->
  <event place="{EVENTD}">
    <text>{none}</text>
    <onclick>NONE</onclick>
  </event>
  <road>
    <place onclick="GOTO_SMALLFARM">{smallfarm}</place>
    <place onclick="GOTO_CITYGATE">{city}</place>
  </road>
</location>
